Handle,Variant Inventory Qty,Variant Price,Variant Image
poke-planter-standees,0,22.00,
poke-planter-standees,0,20.00,
size-change-payment,16,1.00,
small-poke-friends-vol-2-keychains,0,4.50,https://cdn.shopify.com/s/files/1/0606/9292/2530/products/Llaverospoke2-raichu.jpg?v=1671134139
small-poke-friends-vol-2-keychains,6,4.50,https://cdn.shopify.com/s/files/1/0606/9292/2530/products/Llaverospoke2-litwick.jpg?v=1671135000
small-poke-friends-vol-2-keychains,4,4.50,https://cdn.shopify.com/s/files/1/0606/9292/2530/products/Llaverospoke2-chandelure.jpg?v=1671135000
small-poke-friends-vol-2-keychains,2,4.50,https://cdn.shopify.com/s/files/1/0606/9292/2530/products/Llaverospoke2-cutiefly.jpg?v=1671134139
small-poke-friends-vol-2-keychains,9,4.50,https://cdn.shopify.com/s/files/1/0606/9292/2530/products/Llaverospoke2-gengar.jpg?v=1671135000
small-poke-friends-vol-2-keychains,4,4.50,https://cdn.shopify.com/s/files/1/0606/9292/2530/products/Llaverospoke2-growlithe.jpg?v=1671134139
small-poke-friends-vol-2-keychains,5,4.50,https://cdn.shopify.com/s/files/1/0606/9292/2530/products/Llaverospoke2-zorua.jpg?v=1671135000
small-poke-friends-vol-2-keychains,2,4.50,https://cdn.shopify.com/s/files/1/0606/9292/2530/products/Pokemini2-Hoppip.jpg?v=1671134105
small-poke-friends-vol-2-keychains,4,4.50,https://cdn.shopify.com/s/files/1/0606/9292/2530/products/Llaverospoke2-manaphy.jpg?v=1671134139
small-poke-friends-vol-2-keychains,3,4.50,
small-poke-friends-vol-2-keychains,3,4.50,https://cdn.shopify.com/s/files/1/0606/9292/2530/products/Llaverospoke2-spheal.jpg?v=1671134139
small-poke-friends-vol-2-keychains,5,4.50,https://cdn.shopify.com/s/files/1/0606/9292/2530/products/Pokemini2-jigglypuff.jpg?v=1671134105
small-poke-friends-vol-2-keychains,,,
small-poke-friends-vol-2-keychains,,,
small-poke-friends-vol-2-keychains,,,
small-genshin-impact-small-charm-collection,2,4.50,https://cdn.shopify.com/s/files/1/0606/9292/2530/products/Kazuha.jpg?v=1671128451
small-genshin-impact-small-charm-collection,6,4.50,https://cdn.shopify.com/s/files/1/0606/9292/2530/products/HuTao.jpg?v=1671128451
small-genshin-impact-small-charm-collection,0,4.50,https://cdn.shopify.com/s/files/1/0606/9292/2530/products/Yoimiya.jpg?v=1671128451
small-genshin-impact-small-charm-collection,0,4.50,https://cdn.shopify.com/s/files/1/0606/9292/2530/products/Yanfei_839645fd-e008-4c4c-a7e9-778077b77eac.jpg?v=1671128426
small-genshin-impact-small-charm-collection,0,4.50,https://cdn.shopify.com/s/files/1/0606/9292/2530/products/Xingqiu.jpg?v=1671128451
small-genshin-impact-small-charm-collection,0,4.50,https://cdn.shopify.com/s/files/1/0606/9292/2530/products/chongyun.jpg?v=1671128416
small-genshin-impact-small-charm-collection,0,4.50,
small-genshin-impact-small-charm-collection,0,4.50,
preorder-albedo-streetwear-fanny-pack-genshin-impact,21,35.00,
wanderer-scaramouche-streetwear-jacket-genshin-impact,2,75.00,
wanderer-scaramouche-streetwear-jacket-genshin-impact,1,75.00,
wanderer-scaramouche-streetwear-jacket-genshin-impact,3,75.00,
wanderer-scaramouche-streetwear-jacket-genshin-impact,28,75.00,
wanderer-scaramouche-streetwear-jacket-genshin-impact,33,75.00,
wanderer-scaramouche-streetwear-jacket-genshin-impact,38,75.00,
streetwear-childe-and-zhongli-polaroid-print,2,5.00,
streetwear-childe-and-zhongli-polaroid-print,,,
streetwear-childe-and-zhongli-polaroid-print,,,
streetwear-kokomi-polaroid-print,5,5.00,
streetwear-kokomi-polaroid-print,,,
kokomi-stickers-print,7,8.00,
kokomi-stickers-print,10,8.00,
kokomi-stickers-print,9,6.00,
kokomi-stickers-print,10,6.00,
kazuha-winds-print,6,8.00,
kazuha-winds-print,8,8.00,
kazuha-winds-print,5,6.00,
kazuha-winds-print,9,6.00,
water-lily-kokomi-print,0,8.00,
water-lily-kokomi-print,0,8.00,
water-lily-kokomi-print,0,6.00,
water-lily-kokomi-print,3,6.00,
scaramouche-wnaderer-print,0,8.00,
scaramouche-wnaderer-print,3,8.00,
scaramouche-wnaderer-print,2,6.00,
scaramouche-wnaderer-print,6,6.00,
christmas-scorbunny-and-pichu-keychain,2,8.00,https://cdn.shopify.com/s/files/1/0606/9292/2530/products/2_3ff31002-df1c-4fc5-a90b-d6b2c72ebc99.jpg?v=1671030882
christmas-scorbunny-and-pichu-keychain,4,8.00,https://cdn.shopify.com/s/files/1/0606/9292/2530/products/2_3ff31002-df1c-4fc5-a90b-d6b2c72ebc99.jpg?v=1671030882
christmas-scorbunny-and-pichu-keychain,2,8.00,https://cdn.shopify.com/s/files/1/0606/9292/2530/products/1_822df38c-c742-48f2-8dbc-eecc1e732519.jpg?v=1671030882
christmas-scorbunny-and-pichu-keychain,3,8.00,https://cdn.shopify.com/s/files/1/0606/9292/2530/products/1_822df38c-c742-48f2-8dbc-eecc1e732519.jpg?v=1671030882
fidough-lanyard-pokemon-scarlet-violet,6,8.00,
fidough-lanyard-pokemon-scarlet-violet,3,10.00,
poke-planter-collection-2-keychain,7,8.00,
poke-planter-collection-2-keychain,7,8.00,
poke-planter-collection-2-keychain,5,8.00,
poke-planter-collection-2-keychain,5,8.00,
poke-planter-collection-2-keychain,5,7.00,
poke-planter-collection-2-keychain,7,8.00,
poke-planter-collection-notepad,6,6.00,https://cdn.shopify.com/s/files/1/0606/9292/2530/products/NoteCelebi_Xpcs.jpg?v=1671037913
poke-planter-collection-notepad,0,6.00,https://cdn.shopify.com/s/files/1/0606/9292/2530/products/NoteOddish_Xpcs.jpg?v=1671037913
poke-planter-collection-notepad,,,
poke-planter-collection-notepad,,,
star-guardian-collection-league-of-legends,2,9.00,https://cdn.shopify.com/s/files/1/0606/9292/2530/products/starguardiansstoreformat.jpg?v=1671121085
star-guardian-collection-league-of-legends,2,9.00,https://cdn.shopify.com/s/files/1/0606/9292/2530/products/starguardiansstoreformat.jpg?v=1671121085
star-guardian-collection-league-of-legends,3,9.00,https://cdn.shopify.com/s/files/1/0606/9292/2530/products/starguardiansstoreformat.jpg?v=1671121085
star-guardian-collection-league-of-legends,2,9.00,https://cdn.shopify.com/s/files/1/0606/9292/2530/products/starguardiansstoreformat.jpg?v=1671121085
star-guardian-collection-league-of-legends,1,9.00,https://cdn.shopify.com/s/files/1/0606/9292/2530/products/starguardiansstoreformat.jpg?v=1671121085
star-guardian-collection-league-of-legends,0,9.00,https://cdn.shopify.com/s/files/1/0606/9292/2530/products/starguardiansstoreformat.jpg?v=1671121085
star-guardian-collection-league-of-legends,0,9.00,https://cdn.shopify.com/s/files/1/0606/9292/2530/products/starguardiansstoreformat.jpg?v=1671121085
star-guardian-collection-league-of-legends,1,9.00,https://cdn.shopify.com/s/files/1/0606/9292/2530/products/starguardiansstoreformat.jpg?v=1671121085
star-guardian-collection-league-of-legends,9,9.00,https://cdn.shopify.com/s/files/1/0606/9292/2530/products/starguardiansstoreformat.jpg?v=1671121085
kirby-and-waddledee-popsocket,2,9.00,https://cdn.shopify.com/s/files/1/0606/9292/2530/products/popkirbykirby.jpg?v=1671123034
kirby-and-waddledee-popsocket,13,9.00,https://cdn.shopify.com/s/files/1/0606/9292/2530/products/popkirbywaddledee.jpg?v=1671123034
kirby-and-waddledee-popsocket,,,
kirby-and-waddledee-popsocket,,,
kirby-and-waddledee-popsocket,,,
kirby-and-waddledee-popsocket,,,
kirby-and-waddledee-popsocket,,,
kirby-and-waddledee-popsocket,,,
kirby-and-waddledee-popsocket,,,
tracking-number,15,5.00,
preorder-kokomi-streetwear-jacket-genshin-impact,0,75.00,
preorder-kokomi-streetwear-jacket-genshin-impact,0,75.00,
preorder-kokomi-streetwear-jacket-genshin-impact,0,75.00,
preorder-kokomi-streetwear-jacket-genshin-impact,0,75.00,
preorder-kokomi-streetwear-jacket-genshin-impact,0,75.00,
preorder-kokomi-streetwear-jacket-genshin-impact,0,75.00,
preorder-childe-and-kokomi-streetwear-jacket-genshin-impact,0,75.00,
preorder-childe-and-kokomi-streetwear-jacket-genshin-impact,-1,75.00,
preorder-childe-and-kokomi-streetwear-jacket-genshin-impact,1,75.00,
preorder-childe-and-kokomi-streetwear-jacket-genshin-impact,0,75.00,
preorder-childe-and-kokomi-streetwear-jacket-genshin-impact,0,75.00,
preorder-childe-and-kokomi-streetwear-jacket-genshin-impact,0,75.00,
preorder-childe-and-kokomi-streetwear-jacket-genshin-impact,0,75.00,
rowlet-popsocket,2,7.00,
rowlet-popsocket,,,
preorder-gorou-bucket-hat-genshin-impact,0,20.00,
preorder-gorou-bucket-hat-genshin-impact,,,
preorder-gorou-bucket-hat-genshin-impact,,,
preorder-gorou-bucket-hat-genshin-impact,,,
preorder-gorou-bucket-hat-genshin-impact,,,
preorder-gorou-bucket-hat-genshin-impact,,,
preorder-gorou-bucket-hat-genshin-impact,,,
preorder-gorou-bucket-hat-genshin-impact,,,
preorder-gorou-bucket-hat-genshin-impact,,,
preorder-scaramouche-bucket-hat-genshin-impact,24,20.00,
preorder-scaramouche-bucket-hat-genshin-impact,,,
preorder-scaramouche-bucket-hat-genshin-impact,,,
preorder-scaramouche-bucket-hat-genshin-impact,,,
preorder-scaramouche-bucket-hat-genshin-impact,,,
preorder-venti-bucket-hat-genshin-impact,4,20.00,
preorder-venti-bucket-hat-genshin-impact,,,
preorder-venti-bucket-hat-genshin-impact,,,
preorder-venti-bucket-hat-genshin-impact,,,
preorder-venti-bucket-hat-genshin-impact,,,
preorder-venti-bucket-hat-genshin-impact,,,
preorder-kazuha-bucket-hat-genshin-impact,1,20.00,
preorder-kazuha-bucket-hat-genshin-impact,,,
preorder-kazuha-bucket-hat-genshin-impact,,,
preorder-kazuha-bucket-hat-genshin-impact,,,
preorder-kazuha-bucket-hat-genshin-impact,,,
preorder-kazuha-bucket-hat-genshin-impact,,,
preorder-kazuha-bucket-hat-genshin-impact,,,
preorder-kazuha-bucket-hat-genshin-impact,,,
preorder-kazuha-bucket-hat-genshin-impact,,,
preorder-kazuha-bucket-hat-genshin-impact,,,
preorder-kazuha-bucket-hat-genshin-impact,,,
copia-de-preorder-xiao-bucket-hat-genshin-impact,1,20.00,
copia-de-preorder-xiao-bucket-hat-genshin-impact,,,
copia-de-preorder-xiao-bucket-hat-genshin-impact,,,
copia-de-preorder-xiao-bucket-hat-genshin-impact,,,
copia-de-preorder-xiao-bucket-hat-genshin-impact,,,
copia-de-preorder-xiao-bucket-hat-genshin-impact,,,
copia-de-preorder-xiao-bucket-hat-genshin-impact,,,
copia-de-preorder-xiao-bucket-hat-genshin-impact,,,
copia-de-preorder-xiao-bucket-hat-genshin-impact,,,
copia-de-preorder-xiao-bucket-hat-genshin-impact,,,
copia-de-preorder-xiao-bucket-hat-genshin-impact,,,
preorder-kokomi-bucket-hat-genshin-impact,0,20.00,
preorder-kokomi-bucket-hat-genshin-impact,,,
preorder-kokomi-bucket-hat-genshin-impact,,,
preorder-kokomi-bucket-hat-genshin-impact,,,
preorder-kokomi-bucket-hat-genshin-impact,,,
preorder-kokomi-bucket-hat-genshin-impact,,,
preorder-kokomi-bucket-hat-genshin-impact,,,
small-pupper-polaroid-print-1,8,5.00,
small-pupper-polaroid-print-1,,,
streetwear-xiao-print,5,5.00,
streetwear-xiao-print,,,
bulb-friends-print,4,8.00,
bulb-friends-print,5,8.00,
bulb-friends-print,5,6.00,
bulb-friends-print,4,6.00,
yashiro-print,3,8.00,
yashiro-print,5,8.00,
yashiro-print,5,6.00,
yashiro-print,5,6.00,
welcome-back-print,4,8.00,
welcome-back-print,4,8.00,
welcome-back-print,4,6.00,
welcome-back-print,5,6.00,
underwater-print,5,8.00,
underwater-print,4,8.00,
underwater-print,2,6.00,
underwater-print,5,6.00,
howl-print,3,8.00,
howl-print,3,8.00,
howl-print,5,6.00,
howl-print,5,6.00,
light-gardener-print,4,8.00,
light-gardener-print,5,8.00,
light-gardener-print,5,6.00,
light-gardener-print,5,6.00,
valley-windworks-print,2,8.00,
valley-windworks-print,5,8.00,
valley-windworks-print,4,6.00,
valley-windworks-print,5,6.00,
venti-print,5,8.00,
venti-print,5,8.00,
venti-print,4,6.00,
venti-print,4,6.00,
loid-and-yor-spy-x-family-print,3,8.00,
loid-and-yor-spy-x-family-print,2,8.00,
loid-and-yor-spy-x-family-print,1,6.00,
loid-and-yor-spy-x-family-print,4,6.00,
legends-arceus-safari-print,0,8.00,
legends-arceus-safari-print,3,8.00,
legends-arceus-safari-print,3,6.00,
legends-arceus-safari-print,5,6.00,
legends-arceus-print,2,8.00,
legends-arceus-print,5,8.00,
legends-arceus-print,5,6.00,
legends-arceus-print,4,6.00,
arcane-jinx-print,4,8.00,
arcane-jinx-print,4,8.00,
arcane-jinx-print,5,6.00,
arcane-jinx-print,5,6.00,
elden-ring-ranni-print,4,8.00,
elden-ring-ranni-print,5,8.00,
elden-ring-ranni-print,4,6.00,
elden-ring-ranni-print,5,6.00,
kokomi-soda-print,3,8.00,
kokomi-soda-print,5,8.00,
kokomi-soda-print,3,6.00,
kokomi-soda-print,4,6.00,
preorder-venti-streetwear-jacket-genshin-impact,0,75.00,
preorder-venti-streetwear-jacket-genshin-impact,0,75.00,
preorder-venti-streetwear-jacket-genshin-impact,2,75.00,
preorder-venti-streetwear-jacket-genshin-impact,-1,75.00,
preorder-venti-streetwear-jacket-genshin-impact,0,75.00,
preorder-venti-streetwear-jacket-genshin-impact,0,75.00,
preorder-venti-streetwear-jacket-genshin-impact,0,75.00,
copia-de-preorder-raiden-streetwear-jacket-genshin-impact,8,75.00,
copia-de-preorder-raiden-streetwear-jacket-genshin-impact,10,75.00,
copia-de-preorder-raiden-streetwear-jacket-genshin-impact,1,75.00,
copia-de-preorder-raiden-streetwear-jacket-genshin-impact,8,75.00,
copia-de-preorder-raiden-streetwear-jacket-genshin-impact,5,75.00,
copia-de-preorder-raiden-streetwear-jacket-genshin-impact,9,75.00,
copia-de-preorder-raiden-streetwear-jacket-genshin-impact,,,
copia-de-preorder-raiden-streetwear-jacket-genshin-impact,,,
copia-de-preorder-raiden-streetwear-jacket-genshin-impact,,,
copia-de-preorder-raiden-streetwear-jacket-genshin-impact,,,
copia-de-preorder-raiden-streetwear-jacket-genshin-impact,,,
preorder-zhongli-streetwear-jacket-genshin-impact,1,70.00,
preorder-zhongli-streetwear-jacket-genshin-impact,-1,70.00,
preorder-zhongli-streetwear-jacket-genshin-impact,1,70.00,
preorder-zhongli-streetwear-jacket-genshin-impact,-1,70.00,
preorder-zhongli-streetwear-jacket-genshin-impact,0,70.00,
preorder-zhongli-streetwear-jacket-genshin-impact,0,70.00,
preorder-zhongli-streetwear-jacket-genshin-impact,0,70.00,
xiao-streetwear-jacket-genshin-impact,20,75.00,
xiao-streetwear-jacket-genshin-impact,25,75.00,
xiao-streetwear-jacket-genshin-impact,0,75.00,
xiao-streetwear-jacket-genshin-impact,1,75.00,
xiao-streetwear-jacket-genshin-impact,1,75.00,
xiao-streetwear-jacket-genshin-impact,1,75.00,
xiao-streetwear-jacket-genshin-impact,,,
xiao-streetwear-jacket-genshin-impact,,,
xiao-streetwear-jacket-genshin-impact,,,
summer-windbell-strawberry-evening-and-night,6,14.00,https://cdn.shopify.com/s/files/1/0606/9292/2530/products/Windbells2.4.jpg?v=1656603949
summer-windbell-strawberry-evening-and-night,8,14.00,https://cdn.shopify.com/s/files/1/0606/9292/2530/products/7_91c5748d-cf48-46bb-86b7-0608ec52ec3a.jpg?v=1656603949
summer-windbell-strawberry-evening-and-night,8,14.00,https://cdn.shopify.com/s/files/1/0606/9292/2530/products/Windbells2.1.jpg?v=1656603949
summer-windbell-strawberry-evening-and-night,,,
summer-windbell-strawberry-evening-and-night,,,
summer-windbell-strawberry-evening-and-night,,,
summer-windbell-strawberry-evening-and-night,,,
summer-windbell-strawberry-evening-and-night,,,
summer-windbell-strawberry-evening-and-night,,,
kazuha-cardigan-genshin-impact,15,75.00,
kazuha-cardigan-genshin-impact,6,75.00,
kazuha-cardigan-genshin-impact,8,75.00,
kazuha-cardigan-genshin-impact,19,75.00,
kazuha-cardigan-genshin-impact,,,
kazuha-cardigan-genshin-impact,,,
kazuha-cardigan-genshin-impact,,,
kazuha-cardigan-genshin-impact,,,
kazuha-cardigan-genshin-impact,,,
kazuha-cardigan-genshin-impact,,,
kazuha-cardigan-genshin-impact,,,
kazuha-cardigan-genshin-impact,,,
hu-tao-cardigan-genshin-impact,0,75.00,
hu-tao-cardigan-genshin-impact,0,75.00,
hu-tao-cardigan-genshin-impact,0,75.00,
hu-tao-cardigan-genshin-impact,0,75.00,
hu-tao-cardigan-genshin-impact,,,
hu-tao-cardigan-genshin-impact,,,
hu-tao-cardigan-genshin-impact,,,
hu-tao-cardigan-genshin-impact,,,
hu-tao-cardigan-genshin-impact,,,
xingqiu-cardigan-genshin-impact,9,75.00,
xingqiu-cardigan-genshin-impact,15,75.00,
xingqiu-cardigan-genshin-impact,8,75.00,
xingqiu-cardigan-genshin-impact,11,75.00,
xingqiu-cardigan-genshin-impact,,,
xingqiu-cardigan-genshin-impact,,,
xingqiu-cardigan-genshin-impact,,,
xingqiu-cardigan-genshin-impact,,,
xingqiu-cardigan-genshin-impact,,,
xingqiu-cardigan-genshin-impact,,,
chongyun-cardigan-genshin-impact,22,75.00,
chongyun-cardigan-genshin-impact,13,75.00,
chongyun-cardigan-genshin-impact,17,75.00,
chongyun-cardigan-genshin-impact,10,75.00,
chongyun-cardigan-genshin-impact,,,
chongyun-cardigan-genshin-impact,,,
chongyun-cardigan-genshin-impact,,,
chongyun-cardigan-genshin-impact,,,
chongyun-cardigan-genshin-impact,,,
chongyun-cardigan-genshin-impact,,,
chongyun-cardigan-genshin-impact,,,
yoimiya-cardigan-genshin-impact,14,75.00,
yoimiya-cardigan-genshin-impact,6,75.00,
yoimiya-cardigan-genshin-impact,10,75.00,
yoimiya-cardigan-genshin-impact,11,75.00,
yoimiya-cardigan-genshin-impact,,,
yoimiya-cardigan-genshin-impact,,,
yoimiya-cardigan-genshin-impact,,,
yoimiya-cardigan-genshin-impact,,,
yanfei-cardigan-genshin-impact,14,75.00,
yanfei-cardigan-genshin-impact,16,75.00,
yanfei-cardigan-genshin-impact,19,75.00,
yanfei-cardigan-genshin-impact,18,75.00,
yanfei-cardigan-genshin-impact,,,
yanfei-cardigan-genshin-impact,,,
yanfei-cardigan-genshin-impact,,,
yanfei-cardigan-genshin-impact,,,
yanfei-cardigan-genshin-impact,,,
xiangling-cardigan-genshin-impact,0,70.00,
xiangling-cardigan-genshin-impact,5,70.00,
xiangling-cardigan-genshin-impact,0,70.00,
xiangling-cardigan-genshin-impact,0,70.00,
xiangling-cardigan-genshin-impact,,,
xiangling-cardigan-genshin-impact,,,
xiangling-cardigan-genshin-impact,,,
brioche-the-bread-dog-stickers,0,1.00,
brioche-the-bread-dog-stickers,0,1.00,
brioche-the-bread-dog-stickers,4,1.00,
brioche-the-bread-dog-stickers,0,1.00,
zelda-and-link-popsocket,0,6.00,
zelda-and-link-popsocket,5,6.00,
zelda-and-link-popsocket,,,
zelda-and-link-popsocket,,,
yamper-popsocket,9,7.00,
yamper-popsocket,,,
yamper-popsocket,,,
yamper-popsocket,,,
yamper-popsocket,,,
yamper-popsocket,,,
yamper-popsocket,,,
azurill-tartlet-popsocket,5,7.00,
azurill-tartlet-popsocket,,,
azurill-tartlet-popsocket,,,
rainy-season-wooper-keychain,4,7.00,
rainy-season-wooper-keychain,,,
rainy-season-wooper-keychain,,,
tanabata-fireworks-foil-washitape,0,6.00,
tanabata-fireworks-foil-washitape,,,
tanabata-fireworks-foil-washitape,,,
tanabata-fireworks-foil-washitape,,,
tanabata-fireworks-foil-washitape,,,
tanabata-fireworks-foil-washitape,,,
genshin-impact-abyss-mages-klee-qiqi-and-diona-keychains,4,7.00,https://cdn.shopify.com/s/files/1/0606/9292/2530/products/abyssklee.jpg?v=1647128810
genshin-impact-abyss-mages-klee-qiqi-and-diona-keychains,5,7.00,https://cdn.shopify.com/s/files/1/0606/9292/2530/products/abyssqiqi.jpg?v=1647128810
genshin-impact-abyss-mages-klee-qiqi-and-diona-keychains,9,7.00,https://cdn.shopify.com/s/files/1/0606/9292/2530/products/abyssdiona.jpg?v=1647128811
genshin-impact-abyss-mages-klee-qiqi-and-diona-keychains,,,
in-stock-mimosa-and-lavender-enamel-pin,3,13.00,https://cdn.shopify.com/s/files/1/0606/9292/2530/products/victinipin.jpg?v=1647128448
in-stock-mimosa-and-lavender-enamel-pin,2,13.00,https://cdn.shopify.com/s/files/1/0606/9292/2530/products/enamelpinribombee.jpg?v=1647128448
in-stock-mimosa-and-lavender-enamel-pin,2,13.00,https://cdn.shopify.com/s/files/1/0606/9292/2530/products/editada3.jpg?v=1647128448
in-stock-mimosa-and-lavender-enamel-pin,4,35.00,https://cdn.shopify.com/s/files/1/0606/9292/2530/products/editada4.jpg?v=1647128448
in-stock-mimosa-and-lavender-enamel-pin,,,
in-stock-mimosa-and-lavender-enamel-pin,,,
in-stock-mimosa-and-lavender-enamel-pin,,,
in-stock-mimosa-and-lavender-enamel-pin,,,
in-stock-mimosa-and-lavender-enamel-pin,,,
in-stock-mimosa-and-lavender-enamel-pin,,,
genshin-impact-picnic-klee-and-picnic-qiqi,0,7.00,
genshin-impact-picnic-klee-and-picnic-qiqi,4,7.00,
shaped-like-a-friend-mudkip-keychain,0,7.00,
bakery-and-sweets-selection-vol-1,0,7.00,https://cdn.shopify.com/s/files/1/0606/9292/2530/products/pachirisu_208665d0-1b72-4ab4-88b6-da610ecf12f0.jpg?v=1647127650
bakery-and-sweets-selection-vol-1,2,7.00,https://cdn.shopify.com/s/files/1/0606/9292/2530/products/wampachia.jpg?v=1647127650
bakery-and-sweets-selection-vol-1,2,7.00,https://cdn.shopify.com/s/files/1/0606/9292/2530/products/azurill.jpg?v=1647127650
bakery-and-sweets-selection-vol-1,,,
bakery-and-sweets-selection-vol-1,,,
cream-heroes-bakery-and-sweets-selection-vol-2,2,7.00,https://cdn.shopify.com/s/files/1/0606/9292/2530/products/emolgacard.jpg?v=1647127353
cream-heroes-bakery-and-sweets-selection-vol-2,0,7.00,https://cdn.shopify.com/s/files/1/0606/9292/2530/products/Minccinocard.jpg?v=1647127353
cream-heroes-bakery-and-sweets-selection-vol-2,,,
hanging-planter-keychain,0,8.00,
hanging-planter-keychain,15,8.00,
hanging-planter-keychain,0,7.00,
hanging-planter-keychain,0,7.00,
hanging-planter-keychain,0,8.00,
hanging-planter-keychain,0,7.00,
hanging-planter-keychain,,,
poke-pattern-pencilcase-small-traveling-bag,0,10.00,https://cdn.shopify.com/s/files/1/0606/9292/2530/products/Estuchefantasma3.jpg?v=1656604159
poke-pattern-pencilcase-small-traveling-bag,1,10.00,https://cdn.shopify.com/s/files/1/0606/9292/2530/products/Estucheforest.jpg?v=1656604159
poke-pattern-pencilcase-small-traveling-bag,3,10.00,https://cdn.shopify.com/s/files/1/0606/9292/2530/products/Estuchesailorshells.jpg?v=1656604159
poke-pattern-pencilcase-small-traveling-bag,2,10.00,https://cdn.shopify.com/s/files/1/0606/9292/2530/products/Estuchetinystar.jpg?v=1656604165
poke-pattern-pencilcase-small-traveling-bag,0,10.00,https://cdn.shopify.com/s/files/1/0606/9292/2530/products/Estucheblanco2.jpg?v=1656604159
poke-pattern-pencilcase-small-traveling-bag,,,
poke-pattern-pencilcase-small-traveling-bag,,,
poke-pattern-pencilcase-small-traveling-bag,,,
poke-pattern-pencilcase-small-traveling-bag,,,
poke-pattern-pencilcase-small-traveling-bag,,,
poke-pattern-pencilcase-small-traveling-bag,,,
poke-pattern-pencilcase-small-traveling-bag,,,
jujutsu-kaisen-small-gojou-squad-vol-1,7,4.50,https://cdn.shopify.com/s/files/1/0606/9292/2530/products/Itadori.jpg?v=1647124628
jujutsu-kaisen-small-gojou-squad-vol-1,7,4.50,https://cdn.shopify.com/s/files/1/0606/9292/2530/products/Megumin.jpg?v=1647124628
jujutsu-kaisen-small-gojou-squad-vol-1,1,4.50,https://cdn.shopify.com/s/files/1/0606/9292/2530/products/Nobara.jpg?v=1647124628
jujutsu-kaisen-small-gojou-squad-vol-1,9,4.50,https://cdn.shopify.com/s/files/1/0606/9292/2530/products/Gojou.jpg?v=1647124629
jujutsu-kaisen-small-gojou-squad-vol-1,,,
genshin-impact-bonsai-collection,10,8.00,https://cdn.shopify.com/s/files/1/0606/9292/2530/products/Ayakabonsai.jpg?v=1647124427
genshin-impact-bonsai-collection,0,8.00,https://cdn.shopify.com/s/files/1/0606/9292/2530/products/Kazuhabonsai.jpg?v=1647124427
genshin-impact-bonsai-collection,0,8.00,https://cdn.shopify.com/s/files/1/0606/9292/2530/products/descarga.png?v=1647124427
genshin-impact-bonsai-collection,10,8.00,https://cdn.shopify.com/s/files/1/0606/9292/2530/products/SayuBonsai.jpg?v=1647124427
genshin-impact-bonsai-collection,,,
small-toman-vol-1,4,4.50,https://cdn.shopify.com/s/files/1/0606/9292/2530/products/smallmikey.jpg?v=1647124096
small-toman-vol-1,2,4.50,https://cdn.shopify.com/s/files/1/0606/9292/2530/products/smalldraken.jpg?v=1647124096
small-toman-vol-1,0,4.50,https://cdn.shopify.com/s/files/1/0606/9292/2530/products/smallChifuyu.jpg?v=1647124096
small-toman-vol-1,0,4.50,https://cdn.shopify.com/s/files/1/0606/9292/2530/products/smallBaji.jpg?v=1647124096
small-toman-vol-1,,,
grand-desktmat-poke-pattern-and-shell-sailors,4,20.00,https://cdn.shopify.com/s/files/1/0606/9292/2530/products/MISCELL_7pcs.jpg?v=1671031469
grand-desktmat-poke-pattern-and-shell-sailors,5,20.00,https://cdn.shopify.com/s/files/1/0606/9292/2530/products/Shellsailors_826b4a28-beed-425a-af61-9f5dce5cb449.jpg?v=1671031469
grand-desktmat-poke-pattern-and-shell-sailors,3,20.00,https://cdn.shopify.com/s/files/1/0606/9292/2530/products/STRAWBERRY_60x30_6pcs.jpg?v=1671031469
grand-desktmat-poke-pattern-and-shell-sailors,,,
grand-desktmat-poke-pattern-and-shell-sailors,,,
grand-desktmat-poke-pattern-and-shell-sailors,,,
grand-desktmat-poke-pattern-and-shell-sailors,,,
grand-desktmat-poke-pattern-and-shell-sailors,,,
grand-desktmat-poke-pattern-and-shell-sailors,,,
small-deskmat-poke-pattern-and-shell-sailors,0,7.00,https://cdn.shopify.com/s/files/1/0606/9292/2530/products/a_lot_of_pokemon.jpg?v=1671127630
small-deskmat-poke-pattern-and-shell-sailors,9,7.00,https://cdn.shopify.com/s/files/1/0606/9292/2530/products/Shellsailors.jpg?v=1671127630
small-deskmat-poke-pattern-and-shell-sailors,10,7.00,https://cdn.shopify.com/s/files/1/0606/9292/2530/products/Strawberrydeskmat.jpg?v=1671127630
small-deskmat-poke-pattern-and-shell-sailors,,,
small-deskmat-poke-pattern-and-shell-sailors,,,
small-deskmat-poke-pattern-and-shell-sailors,,,
small-deskmat-poke-pattern-and-shell-sailors,,,
legends-arceus-pspsps-keychain,0,8.00,
legends-arceus-pspsps-keychain,,,
legends-arceus-pspsps-keychain,,,
pencils-tiny-star-and-golden-time,8,1.00,
pencils-tiny-star-and-golden-time,6,1.00,
pencils-tiny-star-and-golden-time,,,
pencils-tiny-star-and-golden-time,,,
pencils-tiny-star-and-golden-time,,,
rainy-season-starters,7,7.00,https://cdn.shopify.com/s/files/1/0606/9292/2530/products/pipluped.jpg?v=1647122029
rainy-season-starters,5,7.00,https://cdn.shopify.com/s/files/1/0606/9292/2530/products/turtuwig.jpg?v=1647122029
rainy-season-starters,4,7.00,https://cdn.shopify.com/s/files/1/0606/9292/2530/products/chimcharedit.jpg?v=1647122033
rainy-season-starters,,,
small-poke-friends-keychains,6,4.50,https://cdn.shopify.com/s/files/1/0606/9292/2530/products/Aipom.jpg?v=1647121163
small-poke-friends-keychains,2,4.50,https://cdn.shopify.com/s/files/1/0606/9292/2530/products/Buneary.jpg?v=1647121092
small-poke-friends-keychains,6,4.50,https://cdn.shopify.com/s/files/1/0606/9292/2530/products/Celebi.jpg?v=1647120716
small-poke-friends-keychains,1,4.50,https://cdn.shopify.com/s/files/1/0606/9292/2530/products/Cosmog.jpg?v=1647120635
small-poke-friends-keychains,0,4.50,
small-poke-friends-keychains,10,4.50,https://cdn.shopify.com/s/files/1/0606/9292/2530/products/Jirachi.jpg?v=1647120734
small-poke-friends-keychains,7,4.50,https://cdn.shopify.com/s/files/1/0606/9292/2530/products/Meowth.jpg?v=1647121281
small-poke-friends-keychains,6,4.50,https://cdn.shopify.com/s/files/1/0606/9292/2530/products/Oshawott.jpg?v=1647121016
small-poke-friends-keychains,3,4.50,https://cdn.shopify.com/s/files/1/0606/9292/2530/products/Pachirisu.jpg?v=1647121118
small-poke-friends-keychains,7,4.50,https://cdn.shopify.com/s/files/1/0606/9292/2530/products/Pichu.jpg?v=1647120833
small-poke-friends-keychains,7,4.50,https://cdn.shopify.com/s/files/1/0606/9292/2530/products/Pikachu.jpg?v=1647120817
small-poke-friends-keychains,15,4.50,https://cdn.shopify.com/s/files/1/0606/9292/2530/products/Piplup.jpg?v=1647120997
small-poke-friends-keychains,4,4.50,https://cdn.shopify.com/s/files/1/0606/9292/2530/products/Popplio.jpg?v=1647121029
small-poke-friends-keychains,11,4.50,https://cdn.shopify.com/s/files/1/0606/9292/2530/products/Rowlet.jpg?v=1647121044
small-poke-friends-keychains,9,4.50,https://cdn.shopify.com/s/files/1/0606/9292/2530/products/Shaymin.jpg?v=1647120635
small-poke-friends-keychains,3,4.50,https://cdn.shopify.com/s/files/1/0606/9292/2530/products/Starly.jpg?v=1647121076
small-poke-friends-keychains,5,4.50,https://cdn.shopify.com/s/files/1/0606/9292/2530/products/Togepi.jpg?v=1647121246
small-poke-friends-keychains,3,4.50,https://cdn.shopify.com/s/files/1/0606/9292/2530/products/Zigzagoon.jpg?v=1647121342
small-poke-friends-keychains,0,4.50,https://cdn.shopify.com/s/files/1/0606/9292/2530/products/Whimsicott.jpg?v=1647121451
small-poke-friends-keychains,,,
small-poke-friends-keychains,,,
small-poke-friends-keychains,,,
small-poke-friends-keychains,,,
small-poke-friends-keychains,,,
small-poke-friends-keychains,,,
small-poke-friends-keychains,,,
small-poke-friends-keychains,,,
regional-stamp-washitape-4th-gen,0,7.00,
regional-stamp-washitape-4th-gen,,,
regional-stamp-washitape-4th-gen,,,
regional-stamp-washitape-4th-gen,,,
regional-stamp-washitape-4th-gen,,,
regional-stamp-washitape-4th-gen,,,